{
  "conditions": [
    {
      "type": "neoforge:and",
      "values": [
        {
          "type": "neoforge:mod_loaded",
          "modid": "createbigcannons"
        },
        {
          "type": "neoforge:not",
          "value": {
            "type": "neoforge:tag_empty",
            "modid": "c:ingots/cast_iron"
          }
        }
      ]
    }
  ],
  "type": "minecraft:crafting_shapeless",
  "category": "building",
  "ingredients": [{ "tag": "c:ingots/cast_iron" }],
  "result": {
    "item": "createbigcannons:cast_iron_nugget",
    "count": 9
  }
}
