{
  "conditions": [
    {
      "type": "forge:and",
      "values": [
        { "type": "forge:mod_loaded", "modid": "tfmg" },
        { "type": "forge:mod_loaded", "modid": "create_dd" }
      ]
    }
  ],
  "type": "tfmg:casting",
  "ingredients": [
    {
      "fluidTag": "forge:molten_bronze",
      "amount": 1
    }
  ],
  "processingTime": 300,
  "results": [
    {
      "item": "create_dd:bronze_ingot",
      "count": 1
    },
    {
      "item": "create_dd:bronze_block",
      "count": 1
    }
  ]
}
